{
  "system_combat_conflict": "Testing",
  "system_survival_resources": "",
  "system_character_progression": "",
  "system_social_interaction": "",
  "system_exploration_discovery": "",
  "system_magic_technology": "",
  "system_economy_trade": "",
  "system_politics_influence": "",
  "system_time_advancement": "",
  "system_challenges_obstacles": "",
  "system_rewards_achievement": "",
  "system_narrative_storytelling": "",
  "system_balance_design": "",
  "system_implementation_technical": ""
}