{
  "world_field_instances": {
    "core_concept": {
      "0": {
        "custom_name": null,
        "content": "The world exists within a vast, dreaming consciousness. It is sustained by memory, story, and shared belief. Magic allows users to reshape reality — but every act of magic overwrites part of the dream. When reality is rewritten faster than it can be remembered, the world begins to shrink, its edges consumed by the Mist."
      }
    },
    "peoples_cultures": {
      "0": {
        "custom_name": null,
        "content": ""
      }
    },
    "biology_ecology": {
      "0": {
        "custom_name": null,
        "content": "Mostly earth-like, some fictional things and megafauna."
      }
    },
    "civilization_infrastructure": {
      "0": {
        "custom_name": null,
        "content": ""
      }
    },
    "power_government": {
      "0": {
        "custom_name": null,
        "content": "Royal family holds seat for two generations.\n\nKing Hylon Medan - ruler\nQueen Elara Medan - second in command\nPrince Edmund Medan - next heir\nPrincess ... - next heir\nPrince ... - next heir\nPrincess Lidiria Medan - potential heir"
      }
    },
    "magic_science_technology": {
      "0": {
        "custom_name": null,
        "content": ""
      }
    },
    "spirituality_myth": {
      "0": {
        "custom_name": null,
        "content": ""
      }
    },
    "knowledge_education": {
      "0": {
        "custom_name": null,
        "content": ""
      }
    },
    "daily_life": {
      "0": {
        "custom_name": null,
        "content": ""
      }
    },
    "conflict_warfare": {
      "0": {
        "custom_name": null,
        "content": ""
      }
    },
    "geography_environment": {
      "0": {
        "custom_name": null,
        "content": ""
      }
    },
    "history_time": {
      "0": {
        "custom_name": null,
        "content": ""
      }
    },
    "mystery_unknown": {
      "0": {
        "custom_name": null,
        "content": ""
      }
    },
    "story_specific": {
      "0": {
        "custom_name": null,
        "content": ""
      }
    }
  },
  "world_field_order": [
    "core_concept",
    "peoples_cultures",
    "biology_ecology",
    "civilization_infrastructure",
    "power_government",
    "magic_science_technology",
    "spirituality_myth",
    "knowledge_education",
    "daily_life",
    "conflict_warfare",
    "geography_environment",
    "history_time",
    "mystery_unknown",
    "story_specific"
  ]
}