{
  "name": "The Golden Oak Inn, Room",
  "description": "A small cozy inn room.",
  "region": "Market District",
  "x": 5167.297096052522,
  "y": 4039.7285471584464,
  "world": "stonevale",
  "exterior": false,
  "connections": {
    "The Golden Oak Inn": "A sturdy wooden door leads out of the room and into the hallway and downstairs. Room, hallway, downstairs."
  },
  "characters": [
    "Player"
  ],
  "container_contents": {
    "Interior": [
      {
        "item_id": "c7bbe23f",
        "name": "Sword",
        "quantity": 1,
        "owner": "Tom",
        "description": "A nice sword.",
        "location": "Upside-down."
      }
    ]
  },
  "player_visit_count": 1
}