{
  "name": "Aldric Stout",
  "description": "Aldric “The Ale-Worthy” Stout, known to most as Barty Barrelcheeks, is a man whose very presence radiates the warmth of a well-stoked hearth. His round, robust frame speaks of a life comfortably lived, his middling height compensated by a considerable girth that gives him a substantial presence. His face, perpetually flushed and often creased by a good-natured smile, is framed by a thick, meticulously trimmed, grey-streaked beard. Warm, intelligent hazel eyes crinkle at the corners, testament to years of laughter and keen observation, while a prominent mole above his left eyebrow and a faint scar across his nose add character. He moves with a comfortable efficiency, prioritizing ease over exertion.\n\nBarty's jovial and optimistic nature is infectious, his hearty laugh a frequent companion. He navigates setbacks with remarkable resilience, viewing them as amusing anecdotes rather than failures. While his patience is legendary in negotiations, it quickly evaporates when confronted with genuine malice. He deeply values fairness, community, and good cheer, upholding honest trade with a shrewd, playful manipulation that allows for healthy profits. Loyalty is paramount to him.\n\nBorn into humble farming, Barty’s early life was marked by the gnawing hunger of scarcity.",
  "personality": "Personality Profile: Aldric \"Barty Barrelcheeks\" Stout\n\nTemperament: Barty possesses an overwhelmingly jovial and optimistic temperament. He is remarkably resilient, viewing setbacks as amusing anecdotes rather than failures. His patience is legendary, particularly in negotiations, stemming from a deep-seated calm and shrewd observational skills. However, this patience evaporates quickly when confronted with genuine malice, revealing a firm, unyielding core. He is fundamentally good-natured and finds joy in simple pleasures.\n\nValues: Barty deeply values fairness, community, and good cheer. He believes in honest trade, though he’s not above shrewd, playful manipulation to ensure healthy profits. Loyalty is paramount to him, both given and received. His past experience with scarcity has instilled in him a profound appreciation for abundance and comfort, motivating his pursuit of a stable, well-fed life. He values personal connections and the warmth of shared experiences.\n\nQuirks: Barty’s most notable quirk is his frequent, hearty laugh, which is almost a constant companion. He moves with a comfortable efficiency, prioritizing ease over exertion, often seeking the path of least resistance in physical tasks. He has a habit of crinkling his eyes when deep in thought or amused, and his \"negotiation smile\"",
  "appearance": "Build: Aldric Stout possesses a round, robust, and barrel-chested frame, indicating a comfortable life. He is of middling height but has a considerable girth, giving him a substantial presence.\n\nFacial Features: His face is perpetually flushed and often creased by a good-natured smile. It is framed by a thick, meticulously trimmed, grey-streaked beard.\n\nHair: His hair is grey-streaked, matching his beard.\n\nEyes: He has warm, intelligent hazel eyes that crinkle at the corners, suggesting a history of laughter and keen observation.\n\nDistinguishing Marks: A prominent mole is visible above his left eyebrow, and a faint scar runs across his nose, adding character.\n\nTypical Clothing Style: He typically wears practical, warm clothing suitable for a merchant. This includes a soft felt cap, a thick wool cloak (fur-lined), a heavy dark green wool jerkin over a linen tunic, loose-fitting wool trousers, and well-worn leather boots. He also wears a wool scarf and has a sturdy leather satchel. Accessories include a silver ring with an unpolished stone and a bronze signet ring.",
  "status": "",
  "relations": {},
  "goals": "",
  "story": "",
  "equipment": {
    "head": "soft felt cap",
    "neck": "wool scarf",
    "left_shoulder": "sturdy leather satchel strap",
    "right_shoulder": "",
    "left_hand": "silver ring with an unpolished stone",
    "right_hand": "bronze signet ring",
    "upper_over": "thick wool cloak (fur-lined)",
    "upper_outer": "heavy dark green wool jerkin",
    "upper_middle": "linen tunic",
    "upper_inner": "",
    "lower_outer": "loose-fitting wool trousers",
    "lower_middle": "",
    "lower_inner": "linen braies",
    "left_foot_inner": "wool socks",
    "right_foot_inner": "wool socks",
    "left_foot_outer": "well-worn leather boots",
    "right_foot_outer": "well-worn leather boots"
  },
  "abilities": "",
  "location": "",
  "left_hand_holding": "",
  "right_hand_holding": "",
  "variables": {
    "BackgroundConversation": "0"
  },
  "schedule": {},
  "portrait": {}
}