{
  "name": "Player",
  "isPlayer": true,
  "description": "The protagonist of this story.",
  "personality": "",
  "appearance": "",
  "status": "Ready for adventure!",
  "relations": {},
  "goals": "",
  "story": "",
  "equipment": {
    "head": "",
    "neck": "",
    "left_shoulder": "",
    "right_shoulder": "",
    "left_hand": "",
    "right_hand": "",
    "upper_over": "",
    "upper_outer": "",
    "upper_middle": "",
    "upper_inner": "",
    "lower_outer": "",
    "lower_middle": "",
    "lower_inner": "",
    "left_foot_inner": "",
    "right_foot_inner": "",
    "left_foot_outer": "",
    "right_foot_outer": ""
  },
  "abilities": "",
  "location": "The Golden Oak Inn, Room",
  "left_hand_holding": "",
  "right_hand_holding": "",
  "variables": {},
  "portrait": {},
  "schedule": {}
}