{
  "name": "Silas Quill",
  "description": "Name: Silas Quill\n\nPersonality: Silas is a man of quiet conviction and sharp intellect. He approaches situations with a calculated reserve, rarely displaying overt emotion. He values efficiency and precision above all else, finding frustration in indecision or wasted effort. Stress tends to sharpen his focus, making him more decisive.\n\nValues: Silas prioritizes self-sufficiency, shrewdness, and the integrity of a well-negotiated deal. He believes in the power of observation and diligent work to achieve prosperity. Fairness is important, but always within the framework of a mutually beneficial exchange. He highly values practical knowledge, such as market fluctuations or local customs, over abstract theories.\n\nQuirks: Silas has an unconscious habit of absently polishing his silver ring when deep in thought. He possesses an exceptional memory for trade routes, shipping schedules, and the specific needs of various clientele. He prefers simple, fortifying meals, viewing elaborate dining as an unnecessary indulgence. He has a particular fondness for well-crafted tools, seeing them as extensions of one's capability.\n\nInteractions with Others: Silas approaches interactions with a calm, assessing demeanor, seeking to understand motives and identify opportunities.\n\nAppearance:\n\nBuild: Silas is of average height with a lean, athletic build. His posture is",
  "personality": "Silas Quill: Personality Profile\n\nTemperament: Silas possesses a calm, assessing demeanor, rarely displaying overt emotion. He is highly calculated and reserved, preferring to observe and analyze before acting. Stress tends to sharpen his focus, making him more decisive and efficient. He becomes frustrated by indecision or wasted effort.\n\nValues: Self-sufficiency, shrewdness, and the integrity of a well-negotiated deal are paramount to Silas. He believes in diligent work and keen observation as paths to prosperity. Fairness is valued, but strictly within the context of mutually beneficial exchanges. Practical knowledge, such as market fluctuations, trade routes, and local customs, is highly prized over abstract theories.\n\nQuirks: Silas has an unconscious habit of absently polishing his silver ring when deep in thought. He possesses an exceptional memory for intricate details like trade routes, shipping schedules, and the specific needs of various clientele. He prefers simple, fortifying meals, viewing elaborate dining as an unnecessary indulgence. He has a particular fondness for well-crafted tools, seeing them as direct extensions of one's capability and efficiency.\n\nInteractions with Others: Silas approaches interactions with a calm, assessing demeanor. His primary goal is to understand motives and identify opportunities, making him a keen observer of human nature",
  "appearance": "Build: Silas is of average height with a lean, athletic build. His posture is habitually straight and composed, hinting at a quiet strength and discipline.\n\nFacial Features: His face is narrow with sharp, angular lines, suggesting a keen intellect. A prominent, aquiline nose dominates his features. His jawline is strong, and his lips are typically set in a thin, neutral line.\n\nHair: His hair is a practical, dark brown, cut short and kept neatly swept back from his forehead, showing no vanity.\n\nEyes: Silas possesses intelligent, deep-set eyes of a clear, calculating grey. They are observant and rarely betray emotion, often seeming to assess rather than simply see.\n\nDistinguishing Marks: A faint, old scar runs diagonally across his left eyebrow, a subtle reminder of a past encounter. He also has a silver ring on his left hand, which he polishes unconsciously.\n\nTypical Clothing Style: Silas prefers practical, understated clothing in muted earth tones. His garments are well-made and durable, designed for function over flash. He favors well-maintained leather boots and a sturdy, dark wool cloak for travel.",
  "status": "",
  "relations": {},
  "goals": "Main Goals and Motivations:\n\nShort-term:\n  1.  Secure advantageous deals: Silas aims to identify and capitalize on immediate opportunities for profitable exchanges, leveraging his knowledge of market fluctuations and client needs. This matters because it directly aligns with his value of shrewdness and contributes to his self-sufficiency.\n  2.  Gather practical knowledge: He seeks to continuously update his understanding of trade routes, shipping schedules, and local customs. This is crucial for maintaining his competitive edge and making informed decisions, which he values highly.\n  3.  Maintain self-sufficiency: Silas prioritizes ensuring his own independence and avoiding reliance on others. This goal is fundamental to his character, as he values practical application and self-reliance.\n\nLong-term:\n  1.  Build a robust and efficient trade network: Silas desires to establish a reliable and expansive system for moving goods, minimizing waste and maximizing profit. This ambition reflects his core values of efficiency and precision, allowing him to achieve sustained prosperity.\n  2.  Achieve financial prosperity through shrewd dealings: His ultimate goal is to accumulate wealth through intelligent negotiation and honest, mutually beneficial exchanges. This matters as it validates his belief in diligent work and keen observation as paths to success, and provides the ultimate",
  "story": "Silas Quill’s earliest memories were of the bustling docks of Port Azure, a cacophony of creaking timbers, shouted orders, and the pungent scent of salt and foreign spices. He was an orphan, left at the steps of the Guild of Coin, a loose confederation of merchants and traders. Unlike the other foundlings who gravitated towards the kitchens or stables, Silas found himself drawn to the guild's ledgers and the grizzled faces of the master traders.\n\nA pivotal moment came at age ten. A shipment of rare silks, destined for the northern lords, was damaged in a storm. The guild master, a stern but fair woman named Elara, was prepared to write it off as a loss. Silas, however, had spent weeks observing the meticulous sorting and repair of damaged goods. He approached Elara, not with pleas, but with a carefully reasoned proposal: a portion of the silks could be salvaged, re-dyed, and sold as a cheaper, yet still valuable, commodity to the local artisans. Elara, impressed by his sharp eye and practical solution, assigned him to oversee the salvage. The success of that small venture, turning potential waste into profit, solidified Silas’s belief in shrewdness and efficiency. It also earned",
  "equipment": {
    "head": "",
    "neck": "",
    "left_shoulder": "",
    "right_shoulder": "",
    "left_hand": "silver ring",
    "right_hand": "",
    "upper_over": "sturdy dark wool cloak",
    "upper_outer": "muted earth-toned tunic",
    "upper_middle": "linen shirt",
    "upper_inner": "",
    "lower_outer": "durable wool trousers",
    "lower_middle": "",
    "lower_inner": "linen undergarments",
    "left_foot_inner": "wool socks",
    "right_foot_inner": "wool socks",
    "left_foot_outer": "well-maintained leather boot",
    "right_foot_outer": "well-maintained leather boot"
  },
  "abilities": "",
  "location": "",
  "left_hand_holding": "",
  "right_hand_holding": "",
  "variables": {
    "BackgroundConversation": "0"
  }
}