{
  "name": "Stonevale, Market Fork",
  "description": "Deep in the medieval city of Stonevale, this fork in main roads is where Market Street branches off from Main Street.",
  "region": "East District",
  "x": 5900.089392844159,
  "y": 5322.218821311891,
  "world": "stonevale",
  "exterior": true,
  "connections": {
    "Emberward Crossing": "North along main street, towards Emberward Crossing, deeper into the city.",
    "Stonevale, South Gate": "South along main street, towards the south gate, towards the walls."
  }
}