{
  "name": "Stonevale",
  "description": "",
  "tags": [],
  "created": "",
  "modified": "",
  "entries": [
    {
      "scope": "conversation",
      "character": "",
      "setting": "",
      "world": "Stonevale",
      "region": "",
      "location": "",
      "variables": "",
      "context_output": "This is the city of Stonevale."
    },
    {
      "scope": "conversation",
      "character": "",
      "setting": "",
      "world": "",
      "region": "",
      "location": "",
      "variables": "",
      "context_output": "Stonevale is far away."
    }
  ]
}