{
  "name": "Misty Woods",
  "description": "",
  "tags": [],
  "created": "",
  "modified": "",
  "entries": [
    {
      "scope": "conversation",
      "character": "",
      "setting": "",
      "world": "",
      "region": "",
      "location": "",
      "variables": "",
      "context_output": "The Misty Woods are the mysterious impermeable mists that surround the world. What lies within or beyond them is unknown. People don't come back from entering the mist."
    }
  ]
}