{
  "name": "Default Location",
  "description": "Default starting location.",
  "exterior": true,
  "features": [],
  "paths": [
    {
      "name": "Large Path (Default)",
      "description": "A wide, well-maintained path suitable for vehicles and heavy traffic."
    },
    {
      "name": "Medium Path (Default)",
      "description": "A regular path that can comfortably accommodate foot traffic and small carts."
    },
    {
      "name": "Small Path (Default)",
      "description": "A narrow trail or footpath that may be difficult to traverse."
    }
  ]
}