{
  "id": "CORE-Thinking",
  "description": "",
  "conditions_operator": "ALL",
  "conditions": [
    {
      "type": "Variable",
      "variable": "Thinking",
      "operator": "==",
      "value": "True",
      "variable_scope": "Character",
      "character_name": "Lidiria Medan"
    }
  ],
  "condition": "",
  "scope": "user_message",
  "applies_to": "Character",
  "character_name": null,
  "model": "",
  "tag_action_pairs": [
    {
      "tag": "",
      "actions": [
        {
          "type": "Set Var",
          "var_name": "NPCPlan",
          "var_value": "",
          "variable_scope": "Character",
          "operation": "generate",
          "generate_mode": "LLM",
          "generate_instructions": "It is about to be (character)'s turn. Here are their considerations:\n[character,Considerations]\n\nWe need to plan some things out first. This is a private staging area where our character can consider internal wants and desires (without having to specify to the player or other characters). What repetitions or cliches should be avoided? Which goals or events have already been achieved in the conversation so far and how might this character react or evolve their approach? What does this character truly want? What strategy might work best for acquiring what they want?\nGenerate instructions for the writing of the post to ensure that when it comes time to post, this character (character) has considered their own goals, the scene that has occurred so far, how to write the post to be non-repetitive and authentic, repetitions in actions or speech patterns to avoid, etc. Remember that we only have authorship over (character) - we cannot post for or write for other characters or elements in the scene, so we must reflect only on an action plan for the next reply to this scene for (character):",
          "generate_context": "Full Conversation",
          "set_var_mode": "replace",
          "set_var_delimiter": "/"
        },
        {
          "type": "System Message",
          "value": "(Note: This is the predetermined plan and various considerations for (character)'s next post:[character,NPCPlan])",
          "position": "append",
          "system_message_position": "last"
        }
      ],
      "next_rule": null,
      "switch_model": null,
      "set_variable": null
    }
  ]
}