{
  "id": "CORE-PlayerDrunkEffect",
  "description": "",
  "conditions_operator": "ALL",
  "conditions": [
    {
      "type": "Variable",
      "variable": "Alcohol",
      "operator": ">",
      "value": "0",
      "variable_scope": "Player"
    }
  ],
  "condition": "",
  "scope": "full_conversation",
  "applies_to": "Narrator",
  "character_name": null,
  "model": "",
  "tag_action_pairs": [
    {
      "tag": "",
      "actions": [
        {
          "type": "Set Var",
          "var_name": "AlcoholBlurCount",
          "var_value": "0",
          "variable_scope": "Player",
          "operation": "set",
          "set_var_mode": "replace",
          "set_var_delimiter": "/"
        }
      ],
      "next_rule": null,
      "switch_model": null,
      "set_variable": null
    }
  ]
}