{
  "id": "CORE-PlayerConsumption",
  "description": "",
  "conditions_operator": "ALL",
  "conditions": [
    {
      "type": "Variable",
      "variable": "PlayerConsumption",
      "operator": "==",
      "value": "True",
      "variable_scope": "Global"
    },
    {
      "type": "Variable",
      "variable": "items",
      "operator": "exists",
      "value": null,
      "variable_scope": "Global"
    },
    {
      "type": "Variable",
      "variable": "items",
      "operator": "!=",
      "value": "NONE",
      "variable_scope": "Global"
    }
  ],
  "condition": "",
  "scope": "user_message",
  "applies_to": "Narrator",
  "character_name": null,
  "model": "",
  "tag_action_pairs": [
    {
      "tag": "",
      "actions": [
        {
          "type": "Force Narrator",
          "force_narrator_order": "First",
          "force_narrator_system_message": "(Special narrator instructions for your next turn: (Player) has consumed an item, describe in a quick and simple sentence or two the item, for example, 'the stew was hot and delicious, and relieving to eat.' etc. Your post should be ONLY that sentence or two:)"
        },
        {
          "type": "Post Visibility",
          "applies_to": "Current Post",
          "visibility_mode": "Visible Only To",
          "condition_type": "Name Match",
          "conditions": [
            {
              "type": "Name Match",
              "name": "Player"
            }
          ]
        },
        {
          "type": "Remove Item",
          "item_name": "[global,items]",
          "quantity": "1",
          "target_type": "Setting",
          "target_name": "",
          "target_container_enabled": false,
          "target_item_name": "",
          "target_container_name": "",
          "consume": true,
          "consume_scope": "Player"
        },
        {
          "type": "Set Var",
          "var_name": "PlayerConsumption",
          "var_value": "False",
          "variable_scope": "Global",
          "operation": "set",
          "set_var_mode": "replace",
          "set_var_delimiter": "/"
        },
        {
          "type": "Text Tag",
          "value": "((Player) has consumed [global,itemnames])",
          "tag_mode": "append"
        },
        {
          "type": "System Message",
          "value": "(Special narrator instructions for your next turn: (Player) has consumed an item, describe in a quick and simple sentence or two the item, for example, 'the stew was hot and delicious, and relieving to eat.' etc. Your post should be ONLY that sentence or two:)",
          "position": "append",
          "system_message_position": "last"
        }
      ],
      "next_rule": null,
      "switch_model": null,
      "set_variable": null
    }
  ]
}