{
  "id": "CORE-NPC Service Request",
  "description": "",
  "conditions_operator": "ALL",
  "conditions": [
    {
      "type": "Variable",
      "variable": "NoPost",
      "operator": "==",
      "value": "True",
      "variable_scope": "Character",
      "character_name": "Lidiria Medan"
    },
    {
      "type": "Post Dialogue",
      "post_type": "Player Post",
      "operator": "Is",
      "dialogue_amount": "Some Dialogue",
      "character_name": "Ashani Delaca"
    },
    {
      "type": "Variable",
      "variable": "Service",
      "operator": "==",
      "value": "True",
      "variable_scope": "Character",
      "character_name": "Ashani Delaca"
    }
  ],
  "condition": "You are playing as (character), who is present in the scene but whos posts have been dormant as your character has fallen into a background role. Analyze the last user post with the character (Player): Are they calling for (character) again? Begin your response with [CALL] if a post is required from this character, or [SKIP] if they're not being called or (Player) is primarily focused on something else. Then, on a new line beneath the tag, using evidence from the most recent state of the scene as written in the available text, explain your tag response step-by-step:",
  "scope": "user_message",
  "applies_to": "Character",
  "character_name": "",
  "model": "",
  "tag_action_pairs": [
    {
      "tag": "[CALL]",
      "actions": [
        {
          "type": "Set Var",
          "var_name": "NoPost",
          "var_value": "False",
          "variable_scope": "Character",
          "operation": "set",
          "set_var_mode": "replace",
          "set_var_delimiter": "/"
        },
        {
          "type": "Set Var",
          "var_name": "ServiceCall",
          "var_value": "True",
          "variable_scope": "Character",
          "operation": "set",
          "set_var_mode": "replace",
          "set_var_delimiter": "/"
        },
        {
          "type": "Text Tag",
          "value": "(Service Request)",
          "tag_mode": "overwrite"
        }
      ],
      "next_rule": null,
      "switch_model": null,
      "set_variable": null
    }
  ]
}