{
  "id": "CORE-NPCIntro",
  "description": "",
  "conditions_operator": "ALL",
  "conditions": [
    {
      "type": "Variable",
      "variable": "Introduced",
      "operator": "!=",
      "value": "True",
      "variable_scope": "Character",
      "character_name": "Lidiria Medan"
    }
  ],
  "condition": "",
  "scope": "user_message",
  "applies_to": "Character",
  "character_name": "",
  "model": "",
  "tag_action_pairs": [
    {
      "tag": "",
      "actions": [
        {
          "type": "Set Var",
          "var_name": "Introduced",
          "var_value": "True",
          "variable_scope": "Character",
          "operation": "set",
          "set_var_mode": "replace",
          "set_var_delimiter": "/"
        },
        {
          "type": "System Message",
          "value": "(Note: You are first introducing a character to the narrative or scene. This first post of yours needs a short entry post briefly describing your character's appearance in quick and simple terms. Your post should contain this and maybe one short intro action.)",
          "position": "append",
          "system_message_position": "last"
        }
      ],
      "next_rule": null,
      "switch_model": null,
      "set_variable": null
    }
  ]
}