{
  "id": "CORE-PlayerConsumptionReject",
  "description": "",
  "conditions_operator": "ALL",
  "conditions": [
    {
      "type": "Variable",
      "variable": "PlayerConsumption",
      "operator": "==",
      "value": "True",
      "variable_scope": "Global"
    },
    {
      "type": "Variable",
      "variable": "items",
      "operator": "==",
      "value": "NONE",
      "variable_scope": "Global"
    }
  ],
  "condition": "",
  "scope": "user_message",
  "applies_to": "Narrator",
  "character_name": null,
  "model": "",
  "tag_action_pairs": [
    {
      "tag": "",
      "actions": [
        {
          "type": "Force Narrator",
          "force_narrator_order": "First",
          "force_narrator_system_message": "(Special narrator instructions for your next turn: (Player) has tried to consume an item that doesnt exist in this scene. Respond with a line such as, '(Player) tries to look for a bite to eat, but theres nothing there.' or some similar small rejection message that reflects the scene. For example if they tried to take a drink of water, you might put 'The water is all gone.' Your post should be ONLY that sentence or two:)"
        },
        {
          "type": "Post Visibility",
          "applies_to": "Current Post",
          "visibility_mode": "Visible Only To",
          "condition_type": "Name Match",
          "conditions": [
            {
              "type": "Name Match",
              "name": "Player"
            }
          ]
        },
        {
          "type": "Set Var",
          "var_name": "PlayerConsumption",
          "var_value": "False",
          "variable_scope": "Global",
          "operation": "set",
          "set_var_mode": "replace",
          "set_var_delimiter": "/"
        },
        {
          "type": "Text Tag",
          "value": "(Item doesn't exist)",
          "tag_mode": "append"
        },
        {
          "type": "System Message",
          "value": "(Special narrator instructions for your next turn: (Player) has tried to consume an item that doesnt exist in this scene. Respond with a line such as, '(Player) tries to look for a bite to eat, but theres nothing there.' or some similar small rejection message that reflects the scene. For example if they tried to take a drink of water, you might put 'The water is all gone.' Your post should be ONLY that sentence or two:)",
          "position": "append",
          "system_message_position": "last"
        }
      ],
      "next_rule": null,
      "switch_model": null,
      "set_variable": null
    }
  ]
}