{
  "id": "CORE-ReviewPost",
  "description": "",
  "conditions_operator": "ALL",
  "conditions": [
    {
      "type": "Variable",
      "variable": "Thinking",
      "operator": "==",
      "value": "True",
      "variable_scope": "Character",
      "character_name": "Lidiria Medan"
    }
  ],
  "condition": "LLMs will sometimes make a certain kind of mistake that results in repetitive word use or even just copies of sentences and paragraphs word-for-word. This severely drops the quality of the game and narrative.\nAssess your latest post, which is currently a draft appended to the existing conversation:\nDoes it contain such repetition? Begin your response with [REPETITION] if it contains repeating language or repeating patterns, or [NONE] if it is sufficiently unique from previous posts. Then, on a new line below the bracketed tag, explain your answer step-by-step, using evidence from the text:",
  "scope": "convo_llm_reply",
  "applies_to": "Character",
  "character_name": null,
  "model": "",
  "tag_action_pairs": [
    {
      "tag": "[REPETITION]",
      "actions": [
        {
          "type": "Rewrite Post",
          "value": "The latest post has been flagged for excessive repetition or use of language patterns that were posted already. As such, it must be rewritten:"
        }
      ],
      "next_rule": null,
      "switch_model": null,
      "set_variable": null
    }
  ]
}