{
  "id": "CORE-PlayerSleep",
  "description": "",
  "conditions_operator": "ALL",
  "conditions": [
    {
      "type": "None"
    }
  ],
  "condition": "In the most recent post by user, is the character depicted as having fallen asleep? Preparing for sleep is not the same as actually sleeping, falling asleep, etc. Begin your answer with the tag that most appropriately describes the action in the post: [SLEEP] for actual falling asleep, [PREPARE] for preparing to sleep but still awake, [BED] for just getting into the bed, interacting with the bed, or anything regarding the bed that doesnt fit the other two, or [NEITHER]. Then, after the tag, explain your answer step by step using evidence from the post text:",
  "scope": "user_message",
  "applies_to": "Narrator",
  "character_name": null,
  "model": "",
  "tag_action_pairs": [
    {
      "tag": "[SLEEP]",
      "actions": [
        {
          "type": "Advance Time",
          "advance_amount": "8h"
        },
        {
          "type": "New Scene"
        },
        {
          "type": "Text Tag",
          "value": "(Time Advanced: 8 Hours)",
          "tag_mode": "append"
        },
        {
          "type": "Force Narrator",
          "force_narrator_order": "First",
          "force_narrator_system_message": "The player wakes up later. Describe it being hours later."
        },
        {
          "type": "Set Var",
          "var_name": "SceneTurn",
          "var_value": "0",
          "variable_scope": "Global",
          "operation": "set",
          "set_var_mode": "replace",
          "set_var_delimiter": "/"
        }
      ],
      "next_rule": null,
      "switch_model": null,
      "set_variable": null
    }
  ]
}