{
  "id": "CORE-PlayerItem",
  "description": "",
  "conditions_operator": "ALL",
  "conditions": [
    {
      "type": "Variable",
      "variable": "PlayerUseItem",
      "operator": "==",
      "value": "True",
      "variable_scope": "Global"
    }
  ],
  "condition": "In the most recent post by user, what is the player character (player) doing regarding item use? Begin your response with the most appropriate tag, and then, on a new line beneath the tag, explain your answer step-by-step using evidence from the user post. The tags are: [CONSUME], [DROP], [PICK UP], [EQUIP], [GIVE] (give being specifically for giving an item to another character), or [NEITHER]:",
  "scope": "user_message",
  "applies_to": "Narrator",
  "character_name": null,
  "model": "",
  "tag_action_pairs": [
    {
      "tag": "[CONSUME]",
      "actions": [
        {
          "type": "Set Var",
          "var_name": "PlayerUseItem",
          "var_value": "False",
          "variable_scope": "Global",
          "operation": "set",
          "set_var_mode": "replace",
          "set_var_delimiter": "/"
        },
        {
          "type": "Determine Items",
          "scope": "Setting",
          "return_type": "Multiple Items",
          "owner": "(Player)",
          "description": "",
          "location": "",
          "text": "(Analyze the most recent user post and possibly context around it if it's vague, and determine the item ID(s), if any, that are an appropriate match for the context. If none match the context, put NONE:)",
          "text_scope": "Full Conversation"
        },
        {
          "type": "Set Var",
          "var_name": "PlayerConsumption",
          "var_value": "True",
          "variable_scope": "Global",
          "operation": "set",
          "set_var_mode": "replace",
          "set_var_delimiter": "/"
        }
      ],
      "next_rule": null,
      "switch_model": null,
      "set_variable": null
    }
  ]
}