{
  "id": "CORE-PlayerActionCheck",
  "description": "",
  "conditions_operator": "ALL",
  "conditions": [
    {
      "type": "Variable",
      "variable": "SceneTransit",
      "operator": "!=",
      "value": "True",
      "variable_scope": "Global"
    },
    {
      "type": "Post Dialogue",
      "post_type": "Player Post",
      "operator": "Not",
      "dialogue_amount": "All Dialogue"
    }
  ],
  "condition": "In the most recent post by user, what is the player character (player) doing (not SAYING, but DOING, action-wise)? If the post contains words like 'falls asleep', 'goes to sleep', 'sleeping', 'slumber', or similar sleep-related actions, respond with [SLEEP]. Otherwise, respond with: [ENVIRONMENT] for interacting with the environment, [OBSERVE] for specifically observing or trying to see more about the environment, [CHARACTER] for interacting with characters, [ITEM] for using items, [WAIT] for waiting, [DIALOGUE] for only just speaking (all of posts substance being in quotes for example), or [NEITHER] for other actions. Then, using evidence from the provided text, explain your reasoning step-by-step:",
  "scope": "user_message",
  "applies_to": "Narrator",
  "character_name": null,
  "model": "",
  "tag_action_pairs": [
    {
      "tag": "[OBSERVE]",
      "actions": [
        {
          "type": "Text Tag",
          "value": "(Expand Scene Detail)",
          "tag_mode": "overwrite"
        },
        {
          "type": "System Message",
          "value": "(Special narrator instructions for your next turn: Expand on the detail of the scene in a tactful manner that reflects where the main character is at in the storyline. Do not write nametags, do NOT play as characters:)",
          "position": "append",
          "system_message_position": "last"
        },
        {
          "type": "Force Narrator",
          "force_narrator_order": "First",
          "force_narrator_system_message": "(Special narrator instructions for your next turn: Expand on the detail of the scene in a tactful manner that reflects where the main character is at in the storyline. Do not write nametags, do NOT play as characters:)"
        }
      ],
      "next_rule": null,
      "switch_model": null,
      "set_variable": null
    },
    {
      "tag": "[ITEM]",
      "actions": [
        {
          "type": "Set Var",
          "var_name": "PlayerUseItem",
          "var_value": "True",
          "variable_scope": "Global",
          "operation": "set",
          "set_var_mode": "replace",
          "set_var_delimiter": "/"
        }
      ],
      "next_rule": null,
      "switch_model": null,
      "set_variable": null
    },
    {
      "tag": "[NEITHER]",
      "actions": [
        {
          "type": "Set Var",
          "var_name": "CheckSceneTransit",
          "var_value": "1",
          "variable_scope": "Global",
          "operation": "set",
          "set_var_mode": "replace",
          "set_var_delimiter": "/"
        }
      ],
      "next_rule": null,
      "switch_model": null,
      "set_variable": null
    },
    {
      "tag": "[SLEEP]",
      "actions": [
        {
          "type": "Next Rule",
          "value": "CORE-PlayerSleep"
        }
      ],
      "next_rule": null,
      "switch_model": null,
      "set_variable": null
    }
  ]
}