{
  "id": "CORE-SceneTransitAdjacent",
  "description": "Player transit.",
  "conditions_operator": "ALL",
  "conditions": [
    {
      "type": "Variable",
      "variable": "NoTransit",
      "operator": "!=",
      "value": "True",
      "variable_scope": "Setting"
    },
    {
      "type": "Variable",
      "variable": "SceneTransit",
      "operator": "!=",
      "value": "True",
      "variable_scope": "Global"
    },
    {
      "type": "Post Dialogue",
      "post_type": "Player Post",
      "operator": "Not",
      "dialogue_amount": "All Dialogue"
    }
  ],
  "condition": "Did (player)'s last post indicate that they were physically, actively engaged in changing the physical setting (not just talking about it)? This would include going down roads with an emphasis on advancing the scene, going through doors, moving in a large way from one place to another that would necessitate new set dressing and a different environment. Begin your response with the best fitting bracketed tag, [CHANGE] for a physical action that changes the scene, [REQUEST] if simply making a request, [THOUGHT] if the post indicates the character is thinking about changing locations but hasnt done so physically yet, [DIALOGUE] if the user character was talking about a different location or changing locations but hasnt done so physically yet, [LOOK AROUND] if the user character seems to be assessing or exploring or examining the current scene, even if its ways into or out of the current scene, but they havent committed to passing through them physically yet, or [NEITHER], if the post contents do not fit this particular use-case at all. Then, using evidence from the post text, on a new line beneath the most appropriately fitting bracketed tag, explain your tag response step-by-step:",
  "scope": "user_message",
  "applies_to": "Narrator",
  "character_name": null,
  "model": "",
  "tag_action_pairs": [
    {
      "tag": "[CHANGE]",
      "actions": [
        {
          "type": "Change Actor Location",
          "actor_name": "(Player)",
          "location_mode": "Adjacent",
          "advance_time": true,
          "speed_multiplier": 1.0
        },
        {
          "type": "Set Var",
          "var_name": "FollowedUp",
          "var_value": "False",
          "variable_scope": "Scene Characters",
          "operation": "set",
          "set_var_mode": "replace",
          "set_var_delimiter": "/"
        },
        {
          "type": "Set Var",
          "var_name": "ServiceOffered",
          "var_value": "False",
          "variable_scope": "Scene Characters",
          "operation": "set",
          "set_var_mode": "replace",
          "set_var_delimiter": "/"
        },
        {
          "type": "Set Var",
          "var_name": "NoPost",
          "var_value": "False",
          "variable_scope": "Scene Characters",
          "operation": "set",
          "set_var_mode": "replace",
          "set_var_delimiter": "/"
        },
        {
          "type": "Set Var",
          "var_name": "Addressed",
          "var_value": "False",
          "variable_scope": "Scene Characters",
          "operation": "set",
          "set_var_mode": "replace",
          "set_var_delimiter": "/"
        },
        {
          "type": "Set Var",
          "var_name": "SceneTurn",
          "var_value": "0",
          "variable_scope": "Global",
          "operation": "set",
          "set_var_mode": "replace",
          "set_var_delimiter": "/"
        },
        {
          "type": "System Message",
          "value": "Describe the new scene. Do not mention any characters. Do not use words like 'you', it is not from any one perspective but just a description:",
          "position": "replace",
          "system_message_position": "last"
        },
        {
          "type": "Set Var",
          "var_name": "SceneTransit",
          "var_value": "True",
          "variable_scope": "Global",
          "operation": "set",
          "set_var_mode": "replace",
          "set_var_delimiter": "/"
        }
      ],
      "next_rule": null,
      "switch_model": null,
      "set_variable": null
    },
    {
      "tag": "[NEITHER]",
      "actions": [
        {
          "type": "Set Var",
          "var_name": "SceneTransit",
          "var_value": "False",
          "variable_scope": "Global",
          "operation": "set",
          "set_var_mode": "replace",
          "set_var_delimiter": "/"
        }
      ],
      "next_rule": null,
      "switch_model": null,
      "set_variable": null
    },
    {
      "tag": "[OTHER]",
      "actions": [
        {
          "type": "Set Var",
          "var_name": "SceneTransit",
          "var_value": "False",
          "variable_scope": "Global",
          "operation": "set",
          "set_var_mode": "replace",
          "set_var_delimiter": "/"
        }
      ],
      "next_rule": null,
      "switch_model": null,
      "set_variable": null
    }
  ]
}