{
  "id": "CORE-NPC Service Greeting",
  "description": "",
  "conditions_operator": "ALL",
  "conditions": [
    {
      "type": "Variable",
      "variable": "Service",
      "operator": "==",
      "value": "True",
      "variable_scope": "Character",
      "character_name": "Lidiria Medan"
    },
    {
      "type": "Variable",
      "variable": "SceneTurn",
      "operator": "<=",
      "value": "1",
      "variable_scope": "Global",
      "character_name": "Mara Emberlight"
    },
    {
      "type": "Variable",
      "variable": "ServiceOffered",
      "operator": "!=",
      "value": "True",
      "variable_scope": "Character",
      "character_name": "Mara Emberlight"
    }
  ],
  "condition": "",
  "scope": "full_conversation",
  "applies_to": "Character",
  "character_name": "",
  "model": "",
  "tag_action_pairs": [
    {
      "tag": "",
      "actions": [
        {
          "type": "Text Tag",
          "value": "(Service Greeting)",
          "tag_mode": "append"
        },
        {
          "type": "System Message",
          "value": "(Acknowledge the new visitor to your business.\nYour business serves Beef Stew, and Golden Oak Ale.Do NOT offer something that's not on the menu:)",
          "position": "append",
          "system_message_position": "last"
        },
        {
          "type": "Set Var",
          "var_name": "ServiceOffered",
          "var_value": "True",
          "variable_scope": "Character",
          "operation": "set",
          "set_var_mode": "replace",
          "set_var_delimiter": "/"
        }
      ],
      "next_rule": null,
      "switch_model": null,
      "set_variable": null
    }
  ]
}