{
  "id": "Tavern-AldricEntry",
  "description": "",
  "conditions_operator": "ALL",
  "conditions": [
    {
      "type": "Variable",
      "variable": "BackgroundConversation",
      "operator": "==",
      "value": "0",
      "variable_scope": "Character",
      "character_name": "Lidiria Medan"
    },
    {
      "type": "Variable",
      "variable": "SceneTurn",
      "operator": ">=",
      "value": "2",
      "variable_scope": "Global",
      "character_name": "Silas Quill"
    }
  ],
  "condition": "",
  "scope": "user_message",
  "applies_to": "Character",
  "character_name": "",
  "model": "",
  "tag_action_pairs": [
    {
      "tag": "",
      "actions": [
        {
          "type": "Change Brightness",
          "brightness": "0.5"
        },
        {
          "type": "Set Var",
          "var_name": "BackgroundConversation",
          "var_value": "1",
          "variable_scope": "Character",
          "operation": "set",
          "set_var_mode": "replace",
          "set_var_delimiter": "/"
        },
        {
          "type": "Set Var",
          "var_name": "LastSpoke",
          "var_value": "Silas Quill",
          "variable_scope": "Global",
          "operation": "set",
          "set_var_mode": "replace",
          "set_var_delimiter": "/"
        },
        {
          "type": "System Message",
          "value": "((Note: You are first introducing a character to the narrative or scene. This first post of yours needs a short entry post briefly describing your character's appearance in quick and simple terms. Your post should contain this and maybe one short intro action: enter the tavern silently and pick a seat. Do NOT order food.)",
          "position": "append",
          "system_message_position": "last"
        },
        {
          "type": "Text Tag",
          "value": "(New Character Entry)",
          "tag_mode": "overwrite"
        },
        {
          "type": "Post Visibility",
          "applies_to": "Current Post",
          "visibility_mode": "Not Visible To",
          "condition_type": "Variable",
          "conditions": [
            {
              "type": "Variable",
              "variable_name": "Service",
              "operator": "equals",
              "value": "True",
              "variable_scope": "Character"
            }
          ]
        }
      ],
      "next_rule": null,
      "switch_model": null,
      "set_variable": null
    }
  ]
}