{
  "id": "Tavern-AldricChatterContinue",
  "description": "",
  "conditions_operator": "ALL",
  "conditions": [
    {
      "type": "Variable",
      "variable": "BackgroundConversation",
      "operator": "==",
      "value": "1",
      "variable_scope": "Character",
      "character_name": "Lidiria Medan"
    },
    {
      "type": "Variable",
      "variable": "SceneTurn",
      "operator": "==",
      "value": "0",
      "variable_scope": "Global",
      "character_name": "Silas Quill"
    }
  ],
  "condition": "",
  "scope": "user_message",
  "applies_to": "Character",
  "character_name": "",
  "model": "",
  "tag_action_pairs": [
    {
      "tag": "",
      "actions": [
        {
          "type": "Change Brightness",
          "brightness": "0.5"
        },
        {
          "type": "Set Var",
          "var_name": "LastSpoke",
          "var_value": "Silas Quill",
          "variable_scope": "Global",
          "operation": "set",
          "set_var_mode": "replace",
          "set_var_delimiter": "/"
        },
        {
          "type": "Text Tag",
          "value": "(Resume Chatter)",
          "tag_mode": "overwrite"
        },
        {
          "type": "System Message",
          "value": "(Characters Aldric Stout and Silas Quill were previously engaged in idle chatter about local market square politics. Generate a short post if you are one of these characters appearing to be a continuation of a conversation that was occurring before the observer has arrived, and the observer is just arriving, so it's mid-conversation. For emphasis, always begin your post with an elipsis, ... but NEVER use nametags. Ensure dialogue is in quotes.)",
          "position": "append",
          "system_message_position": "last"
        },
        {
          "type": "Exit Rule Processing"
        },
        {
          "type": "Post Visibility",
          "applies_to": "Current Post",
          "visibility_mode": "Not Visible To",
          "condition_type": "Variable",
          "conditions": [
            {
              "type": "Variable",
              "variable_name": "Service",
              "operator": "equals",
              "value": "True",
              "variable_scope": "Character"
            }
          ]
        }
      ],
      "next_rule": null,
      "switch_model": null,
      "set_variable": null
    }
  ]
}