{
  "id": "Tavern-AldricChatter",
  "description": "",
  "conditions_operator": "ALL",
  "conditions": [
    {
      "type": "Variable",
      "variable": "BackgroundConversation",
      "operator": "==",
      "value": "1",
      "variable_scope": "Character",
      "character_name": "Lidiria Medan"
    },
    {
      "type": "Variable",
      "variable": "PlayerPost",
      "operator": "!=",
      "value": "True",
      "variable_scope": "Global",
      "character_name": "Silas Quill"
    }
  ],
  "condition": "",
  "scope": "user_message",
  "applies_to": "Character",
  "character_name": "",
  "model": "",
  "tag_action_pairs": [
    {
      "tag": "",
      "actions": [
        {
          "type": "Change Brightness",
          "brightness": "0.5"
        },
        {
          "type": "Text Tag",
          "value": "(Realtime Idle Chatter)",
          "tag_mode": "overwrite"
        },
        {
          "type": "Post Visibility",
          "applies_to": "Current Post",
          "visibility_mode": "Not Visible To",
          "condition_type": "Variable",
          "conditions": [
            {
              "type": "Variable",
              "variable_name": "Service",
              "operator": "equals",
              "value": "True",
              "variable_scope": "Character"
            }
          ]
        },
        {
          "type": "Exit Rule Processing"
        }
      ],
      "next_rule": null,
      "switch_model": null,
      "set_variable": null
    }
  ]
}