{
  "effects": {
    "blur": {
      "enabled": false,
      "radius": 0,
      "animation_speed": 2000,
      "animate": false
    },
    "flicker": {
      "enabled": false,
      "intensity": 0,
      "frequency": 1000,
      "color": "white"
    },
    "static": {
      "enabled": false,
      "intensity": 0,
      "frequency": 200,
      "dot_size": 1
    },
    "darken_brighten": {
      "enabled": false,
      "factor": 1.0,
      "animation_speed": 2000,
      "animate": false
    }
  },
  "timers": {
    "active_timers": [
      {
        "rule_id": "AlcoholInstantSober",
        "key": "global",
        "is_character": false,
        "character": null,
        "time_remaining_ms": 126771,
        "interval_ms": 300000,
        "is_random": false
      },
      {
        "rule_id": "AlcoholBlur",
        "key": "global",
        "is_character": false,
        "character": null,
        "time_remaining_ms": 6999,
        "interval_ms": 7000,
        "is_random": false
      },
      {
        "rule_id": "AlcoholWearOff",
        "key": "global",
        "is_character": false,
        "character": null,
        "time_remaining_ms": 3426765,
        "interval_ms": 3600000,
        "is_random": false
      }
    ],
    "last_saved": "2025-08-21T18:43:01.655621"
  }
}