{
  "effects": {
    "blur": {
      "enabled": false,
      "radius": 5,
      "animation_speed": 2000,
      "animate": false
    },
    "flicker": {
      "enabled": false,
      "intensity": 0.1,
      "frequency": 1000,
      "color": "white"
    },
    "static": {
      "enabled": false,
      "intensity": 0.05,
      "frequency": 200,
      "dot_size": 1
    },
    "darken_brighten": {
      "enabled": false,
      "factor": 1.0,
      "animation_speed": 2000,
      "animate": false
    }
  },
  "timers": {
    "active_timers": [],
    "last_saved": "2025-07-12T23:31:22.293747"
  }
}