{
  "effects": {
    "blur": {
      "enabled": false,
      "radius": 5,
      "animation_speed": 2000,
      "animate": false
    },
    "flicker": {
      "enabled": false,
      "intensity": 0.1,
      "frequency": 1000,
      "color": "white"
    },
    "static": {
      "enabled": false,
      "intensity": 0.05,
      "frequency": 200,
      "dot_size": 1
    },
    "darken_brighten": {
      "enabled": false,
      "factor": 1.0,
      "animation_speed": 2000,
      "animate": false
    }
  },
  "timers": {
    "active_timers": [
      {
        "rule_id": "NPC-FollowUp",
        "key": "Mara Emberlight",
        "is_character": true,
        "character": "Mara Emberlight",
        "time_remaining_ms": 18897,
        "interval_ms": 60000,
        "is_random": false
      },
      {
        "rule_id": "idleChatter",
        "key": "Mara Emberlight",
        "is_character": true,
        "character": "Mara Emberlight",
        "time_remaining_ms": 19985,
        "interval_ms": 20000,
        "is_random": false
      },
      {
        "rule_id": "idleChatter",
        "key": "Silas Quill",
        "is_character": true,
        "character": "Silas Quill",
        "time_remaining_ms": 19985,
        "interval_ms": 20000,
        "is_random": false
      },
      {
        "rule_id": "idleChatter",
        "key": "Aldric Stout",
        "is_character": true,
        "character": "Aldric Stout",
        "time_remaining_ms": 19993,
        "interval_ms": 20000,
        "is_random": false
      }
    ],
    "last_saved": "2025-07-13T16:41:34.816870"
  }
}