{
  "id": "AlcoholBlur",
  "description": "",
  "enabled": true,
  "recurring": true,
  "global": false,
  "time_mode": "game_time",
  "interval": 60,
  "interval_is_random": false,
  "interval_min": 0,
  "interval_max": 0,
  "game_seconds": 7,
  "game_seconds_is_random": false,
  "game_seconds_min": 0,
  "game_seconds_max": 0,
  "game_minutes": 0,
  "game_minutes_is_random": false,
  "game_minutes_min": 0,
  "game_minutes_max": 0,
  "game_hours": 0,
  "game_hours_is_random": false,
  "game_hours_min": 0,
  "game_hours_max": 0,
  "game_days": 0,
  "game_days_is_random": false,
  "game_days_min": 0,
  "game_days_max": 0,
  "start_after_trigger": "Player",
  "rule_scope": "Global",
  "condition_type": "Variable",
  "condition_details": [
    {
      "name": "Alcohol",
      "operator": ">",
      "value": "0",
      "scope": "Player"
    },
    {
      "name": "AlcoholBlurCount",
      "operator": "<",
      "value": "20",
      "scope": "Player",
      "logic_to_previous": "AND"
    }
  ],
  "actions": [
    {
      "type": "Set Screen Effect",
      "effect_type": "Blur",
      "operation": "increment",
      "param_name": "radius",
      "param_value": "0.05",
      "enabled": true
    },
    {
      "type": "Set Var",
      "var_name": "AlcoholBlurCount",
      "operation": "Increment",
      "scope": "Player",
      "var_value": "1"
    },
    {
      "type": "Set Screen Effect",
      "effect_type": "Darken/Brighten",
      "operation": "increment",
      "param_name": "factor",
      "param_value": "0.002",
      "enabled": true
    }
  ]
}