{
  "id": "CORE-NPC Service",
  "description": "",
  "conditions_operator": "ALL",
  "conditions": [
    {
      "type": "Variable",
      "variable": "Service",
      "operator": "==",
      "value": "True",
      "variable_scope": "Character",
      "character_name": "Mara Emberlight"
    }
  ],
  "condition": "",
  "scope": "full_conversation",
  "applies_to": "Character",
  "character_name": "",
  "model": "",
  "tag_action_pairs": [
    {
      "tag": "",
      "actions": [
        {
          "type": "System Message",
          "value": "(Focus on the user character, (player). Do not talk to the other background characters unless they specifically mention you. Prioritize the user.)",
          "position": "append",
          "system_message_position": "last"
        }
      ],
      "next_rule": null,
      "switch_model": null,
      "set_variable": null
    }
  ]
}