{
  "id": "CORE-NPC Stay",
  "description": "",
  "conditions_operator": "ALL",
  "conditions": [
    {
      "type": "Variable",
      "variable": "following",
      "operator": "==",
      "value": "Player",
      "variable_scope": "Character",
      "character_name": "Mara Emberlight"
    },
    {
      "type": "Variable",
      "variable": "idleChatting",
      "operator": "!=",
      "value": "True",
      "variable_scope": "Character",
      "character_name": "Mara Emberlight"
    }
  ],
  "condition": "Did the subject/speaker/user-character from whom the user's last post is written, ask (character), who is currently following, to specifically stay put or stop following them? Begin your response with [STAY], [OTHER COMMAND] if the dialogue was not specifically about staying put, or [NEITHER]. Then, explain your answer step-by-step.",
  "scope": "user_message",
  "applies_to": "Character",
  "character_name": "",
  "model": "",
  "tag_action_pairs": [
    {
      "tag": "[STAY]",
      "actions": [
        {
          "type": "Text Tag",
          "value": "Stay",
          "tag_mode": "append"
        },
        {
          "type": "Set Var",
          "var_name": "following",
          "var_value": "None",
          "variable_scope": "Character",
          "operation": "set",
          "set_var_mode": "replace",
          "set_var_delimiter": "/"
        }
      ],
      "next_rule": null,
      "switch_model": null,
      "set_variable": null
    }
  ]
}