{
  "id": "CORE-NPC Service Request",
  "description": "",
  "conditions_operator": "ALL",
  "conditions": [
    {
      "type": "Variable",
      "variable": "NoPost",
      "operator": "==",
      "value": "True",
      "variable_scope": "Character",
      "character_name": "Mara Emberlight"
    }
  ],
  "condition": "You are playing as (character), who is present in the scene but whos posts have been dormant as your character has fallen into a background role. You were previously dismissed or characters didnt require your services or attention.\nWe still need to keep one eye out for cases that require the character, (character), to return to the forefront.\nIs (character) being summoned now? In the last posts of the conversation, is there a circumstance that would warrant your character posting again? Begin your response with [CALL] if your presence, service, or attention has been requested in the most recent round of posts, otherwise, begin your response with the tag [BACKGROUND] if (character) is not yet needed to logically continue the scene. Then, on a new line beneath the tag, using evidence from the most recent state of the scene as written in the available text, explain your tag response step-by-step:",
  "scope": "full_conversation",
  "applies_to": "Character",
  "character_name": "",
  "model": "",
  "tag_action_pairs": [
    {
      "tag": "[CALL]",
      "actions": [
        {
          "type": "Set Var",
          "var_name": "NoPost",
          "var_value": "False",
          "variable_scope": "Character",
          "operation": "set",
          "set_var_mode": "replace",
          "set_var_delimiter": "/"
        },
        {
          "type": "Set Var",
          "var_name": "ServiceCall",
          "var_value": "True",
          "variable_scope": "Character",
          "operation": "set",
          "set_var_mode": "replace",
          "set_var_delimiter": "/"
        },
        {
          "type": "Text Tag",
          "value": "(Service Request)",
          "tag_mode": "overwrite"
        }
      ],
      "next_rule": null,
      "switch_model": null,
      "set_variable": null
    }
  ]
}