{
  "id": "CORE-PlayerPost",
  "description": "",
  "conditions_operator": "ALL",
  "conditions": [
    {
      "type": "Always"
    }
  ],
  "condition": "",
  "scope": "full_conversation",
  "applies_to": "Narrator",
  "character_name": null,
  "model": "",
  "tag_action_pairs": [
    {
      "tag": "",
      "actions": [
        {
          "type": "Set Var",
          "var_name": "PlayerPost",
          "var_value": "True",
          "variable_scope": "Global",
          "operation": "set",
          "set_var_mode": "replace",
          "set_var_delimiter": "/"
        },
        {
          "type": "Set Var",
          "var_name": "SceneTransit",
          "var_value": "False",
          "variable_scope": "Global",
          "operation": "set",
          "set_var_mode": "replace",
          "set_var_delimiter": "/"
        }
      ],
      "next_rule": null,
      "switch_model": null,
      "set_variable": null
    }
  ]
}