{
  "id": "CORE-NPC Service Type",
  "description": "",
  "conditions_operator": "ALL",
  "conditions": [
    {
      "type": "Variable",
      "variable": "Service",
      "operator": "==",
      "value": "True",
      "variable_scope": "Character",
      "character_name": "Lidiria Medan"
    },
    {
      "type": "Variable",
      "variable": "ServiceOffered",
      "operator": "==",
      "value": "True",
      "variable_scope": "Character",
      "character_name": "Mara Emberlight"
    },
    {
      "type": "Post Dialogue",
      "post_type": "Player Post",
      "operator": "Is",
      "dialogue_amount": "Some Dialogue",
      "character_name": "Mara Emberlight"
    }
  ],
  "condition": "(You are playing as (character), an NPC who provides services to the characters. Analyze the user's player character (player) and their most recent response: did they specifically dismiss (character) in the narrative? Use your best judgment and begin your response with the tag [DISMISS] if their service or presence is being dismissed (or is implied to have already just been rendered, for example user saying thank you after receiving their request, and not making additional requests), otherwise use [CONTINUE]. If (Player) needs clarification of whats on offer or asks for the menu or what you have, use [MENU]. If (player) has ordered Golden Oak Ale, use the tag [ALE], if (player) has ordered Beef Stew use the tag, [STEW] and if (player) has ordered both, use the tag [BOTH]. Do not mistake an 'order' for actively eating stew they already ordered or drinking ale they already ordered! If (player) is eating or drinking, just use [EATING_DRINKING]. In unrelated cases you can use [NEITHER].\nIt is highly important, in order to render accurate service for strong customer reviews, that we get each customer inquery correct and not mixed up. Therefore, using evidence from the provided conversation and your best reasoning, you will need to explain your answer on a new line below the bracketed tag, step-by-step:)",
  "scope": "user_message",
  "applies_to": "Character",
  "character_name": "",
  "model": "",
  "tag_action_pairs": [
    {
      "tag": "[DISMISS]",
      "actions": [
        {
          "type": "Text Tag",
          "value": "(Dismissed)",
          "tag_mode": "append"
        },
        {
          "type": "System Message",
          "value": "Your services may have been dismissed. Go on about your regular business.",
          "position": "append",
          "system_message_position": "last"
        },
        {
          "type": "Set Var",
          "var_name": "NoPost",
          "var_value": "True",
          "variable_scope": "Character",
          "operation": "set",
          "set_var_mode": "replace",
          "set_var_delimiter": "/"
        },
        {
          "type": "Exit Rule Processing"
        }
      ],
      "next_rule": null,
      "switch_model": null,
      "set_variable": null
    },
    {
      "tag": "[ALE]",
      "actions": [
        {
          "type": "Text Tag",
          "value": "(Ale ordered...)",
          "tag_mode": "overwrite"
        },
        {
          "type": "Add Item",
          "item_name": "Ale",
          "quantity": "1",
          "generate": false,
          "owner": "(Player)",
          "description": "Golden Oak Ale.",
          "location": "In front of (Player).",
          "generate_description": false,
          "generate_location": false,
          "generate_instructions": "(Generate ONLY a very short description for this tankard of ale. The location, for theme, has been provided:)",
          "attach_scene_context": false,
          "attach_location_desc": true,
          "attach_character_desc": false,
          "target_type": "Setting",
          "target_name": "",
          "target_container_enabled": false,
          "target_item_name": "",
          "target_container_name": ""
        },
        {
          "type": "System Message",
          "value": "(The player has ordered something. Serve them their product now:)",
          "position": "append",
          "system_message_position": "last"
        }
      ],
      "next_rule": null,
      "switch_model": null,
      "set_variable": null
    },
    {
      "tag": "[STEW]",
      "actions": [
        {
          "type": "Text Tag",
          "value": "(Stew ordered...)",
          "tag_mode": "overwrite"
        },
        {
          "type": "Add Item",
          "item_name": "Stew",
          "quantity": "1",
          "generate": false,
          "owner": "(Player)",
          "description": "A bowl of stew.",
          "location": "In front of (Player).",
          "generate_description": false,
          "generate_location": false,
          "generate_instructions": "",
          "attach_scene_context": false,
          "attach_location_desc": false,
          "attach_character_desc": false,
          "target_type": "Setting",
          "target_name": "",
          "target_container_enabled": false,
          "target_item_name": "",
          "target_container_name": ""
        },
        {
          "type": "System Message",
          "value": "(The player has ordered something. Serve them their product now:)",
          "position": "append",
          "system_message_position": "last"
        }
      ],
      "next_rule": null,
      "switch_model": null,
      "set_variable": null
    },
    {
      "tag": "[BOTH]",
      "actions": [
        {
          "type": "Text Tag",
          "value": "(Ale and stew ordered...)",
          "tag_mode": "overwrite"
        },
        {
          "type": "Add Item",
          "item_name": "Ale",
          "quantity": "1",
          "generate": false,
          "owner": "(Player)",
          "description": "A mug of ale.",
          "location": "In front of (Player).",
          "generate_description": false,
          "generate_location": false,
          "generate_instructions": "",
          "attach_scene_context": false,
          "attach_location_desc": false,
          "attach_character_desc": false,
          "target_type": "Setting",
          "target_name": "",
          "target_container_enabled": false,
          "target_item_name": "",
          "target_container_name": ""
        },
        {
          "type": "Add Item",
          "item_name": "Stew",
          "quantity": "1",
          "generate": false,
          "owner": "(Player)",
          "description": "A bowl of stew.",
          "location": "In front of (Player).",
          "generate_description": false,
          "generate_location": false,
          "generate_instructions": "",
          "attach_scene_context": false,
          "attach_location_desc": false,
          "attach_character_desc": false,
          "target_type": "Setting",
          "target_name": "",
          "target_container_enabled": false,
          "target_item_name": "",
          "target_container_name": ""
        },
        {
          "type": "System Message",
          "value": "(The player has ordered something. Serve them their product now:)",
          "position": "append",
          "system_message_position": "last"
        }
      ],
      "next_rule": null,
      "switch_model": null,
      "set_variable": null
    },
    {
      "tag": "[MENU]",
      "actions": [
        {
          "type": "System Message",
          "value": "(Your menu is: stew, or Golden Oak Ale.)",
          "position": "append",
          "system_message_position": "last"
        },
        {
          "type": "Text Tag",
          "value": "(Menu Requested)",
          "tag_mode": "append"
        }
      ],
      "next_rule": null,
      "switch_model": null,
      "set_variable": null
    },
    {
      "tag": "[EATING_DRINKING]",
      "actions": [
        {
          "type": "Skip Post"
        }
      ],
      "next_rule": null,
      "switch_model": null,
      "set_variable": null
    }
  ]
}