{
  "id": "CORE-NPC Service Dismissal",
  "description": "",
  "conditions_operator": "ALL",
  "conditions": [
    {
      "type": "Variable",
      "variable": "Service",
      "operator": "==",
      "value": "True",
      "variable_scope": "Character",
      "character_name": "Silas Quill"
    },
    {
      "type": "Variable",
      "variable": "SceneTurn",
      "operator": ">=",
      "value": "2",
      "variable_scope": "Global",
      "character_name": "Mara Emberlight"
    },
    {
      "type": "Variable",
      "variable": "ServiceCall",
      "operator": "!=",
      "value": "True",
      "variable_scope": "Character",
      "character_name": "Mara Emberlight"
    }
  ],
  "condition": "You are playing as (character), an NPC who provides services to the characters. Youve offered service. Have you been acknowledged or has your service been requested? Or have you been dismissed, ignored, or otherwise it was signalled that theyre not wanting your services at this time? Begin your response with only the most correct fitting bracketed tag based on the current state of the conversation narrative (so throughout the conversation it is possible you have provided service or been dismissed multiple times, so its important to assess the current state rather than past activities). The available tags are [PROVIDING_SERVICE], [CONVERSATION], or [DISMISSAL]. Being ignored counts for dismissal. If the character themselves wrote an action in which they dismiss themselves, you can also use dismissal. Dismissal might also be situations in which the service has just been rendered and theres nothing else they need. However, you can only use dismissal if ALL the characters in the scene are not in need of (character)'s services!! If one person dismisses you, but you're serving or conversing with another, just use [CONVERSATION] or [PROVIDING_SERVICE]. Use the conversation tag if theyre not necessarily providing service but theyre talking about a subject (such as bartender discussing rumors). Then, on a new line beneath the tag, explain your answer using evidence from the text step-by-step:",
  "scope": "user_message",
  "applies_to": "Character",
  "character_name": "",
  "model": "",
  "tag_action_pairs": [
    {
      "tag": "[DISMISSAL]",
      "actions": [
        {
          "type": "Text Tag",
          "value": "(Dismissed)",
          "tag_mode": "append"
        },
        {
          "type": "System Message",
          "value": "Your services may have been dismissed. Go on about your regular business.",
          "position": "append",
          "system_message_position": "last"
        },
        {
          "type": "Set Var",
          "var_name": "NoPost",
          "var_value": "True",
          "variable_scope": "Character",
          "operation": "set",
          "set_var_mode": "replace",
          "set_var_delimiter": "/"
        },
        {
          "type": "Set Var",
          "var_name": "ServiceOffered",
          "var_value": "False",
          "variable_scope": "Character",
          "operation": "set",
          "set_var_mode": "replace",
          "set_var_delimiter": "/"
        }
      ],
      "next_rule": null,
      "switch_model": null,
      "set_variable": null
    }
  ]
}