{
  "id": "CORE-NPC Follow",
  "description": "",
  "conditions_operator": "ALL",
  "conditions": [
    {
      "type": "Variable",
      "variable": "following",
      "operator": "!=",
      "value": "Player",
      "variable_scope": "Character",
      "character_name": "Silas Quill"
    },
    {
      "type": "Variable",
      "variable": "idleChatter",
      "operator": "!=",
      "value": "True",
      "variable_scope": "Character",
      "character_name": "Silas Quill"
    },
    {
      "type": "Variable",
      "variable": "idleChatter",
      "operator": "!=",
      "value": "Chat",
      "variable_scope": "Character",
      "character_name": "Silas Quill"
    },
    {
      "type": "Variable",
      "variable": "Service",
      "operator": "!=",
      "value": "True",
      "variable_scope": "Character",
      "character_name": "Silas Quill"
    },
    {
      "type": "Variable",
      "variable": "BackgroundConversation",
      "operator": "!=",
      "value": "1",
      "variable_scope": "Character",
      "character_name": "Silas Quill"
    },
    {
      "type": "Variable",
      "variable": "BackgroundConversation",
      "operator": "!=",
      "value": "0",
      "variable_scope": "Character"
    }
  ],
  "condition": "Did the subject/speaker/user-character from whom the user's last post is written, just ask (character) specifically to follow them in their most recent last response? Begin your response with [FOLLOW], [STAY], or [NEITHER]. Then, explain your answer step-by-step.",
  "scope": "full_conversation",
  "applies_to": "Character",
  "character_name": "",
  "model": "",
  "tag_action_pairs": [
    {
      "tag": "[FOLLOW]",
      "actions": [
        {
          "type": "Text Tag",
          "value": "(Follow)",
          "tag_mode": "append"
        },
        {
          "type": "Set Var",
          "var_name": "following",
          "var_value": "Player",
          "variable_scope": "Character",
          "operation": "set",
          "set_var_mode": "replace",
          "set_var_delimiter": "/"
        }
      ],
      "next_rule": null,
      "switch_model": null,
      "set_variable": null
    }
  ]
}