{
  "id": "CORE-NPC Timer Followup",
  "description": "",
  "conditions_operator": "ALL",
  "conditions": [
    {
      "type": "Variable",
      "variable": "FollowUp",
      "operator": "==",
      "value": "True",
      "variable_scope": "Character",
      "character_name": "Mara Emberlight"
    },
    {
      "type": "Variable",
      "variable": "NoPost",
      "operator": "!=",
      "value": "True",
      "variable_scope": "Character",
      "character_name": "Mara Emberlight"
    },
    {
      "type": "Variable",
      "variable": "FollowedUp",
      "operator": "!=",
      "value": "True",
      "variable_scope": "Global",
      "character_name": "Mara Emberlight"
    }
  ],
  "condition": "",
  "scope": "user_message",
  "applies_to": "Character",
  "character_name": "",
  "model": "",
  "tag_action_pairs": [
    {
      "tag": "",
      "actions": [
        {
          "type": "System Message",
          "value": "(The recepient hasnt responded or didnt hear you. Do a quick, short follow-up!)",
          "position": "append",
          "system_message_position": "last"
        },
        {
          "type": "Text Tag",
          "value": "Quick Follow-up",
          "tag_mode": "append"
        },
        {
          "type": "Set Var",
          "var_name": "FollowUp",
          "var_value": "False",
          "variable_scope": "Character",
          "operation": "set",
          "set_var_mode": "replace",
          "set_var_delimiter": "/"
        },
        {
          "type": "Exit Rule Processing"
        }
      ],
      "next_rule": null,
      "switch_model": null,
      "set_variable": null
    }
  ]
}