{
  "id": "CORE-PlayerActionCheck",
  "description": "",
  "conditions_operator": "ALL",
  "conditions": [
    {
      "type": "Variable",
      "variable": "SceneTransit",
      "operator": "!=",
      "value": "True",
      "variable_scope": "Global"
    }
  ],
  "condition": "In the most recent post by user, what is the player character doing? If the post contains words like 'falls asleep', 'goes to sleep', 'sleeping', 'slumber', or similar sleep-related actions, respond with [SLEEP]. Otherwise, respond with: [ENVIRONMENT] for interacting with the environment, [NAMED CHARACTER] for interacting with named characters, [ITEM] for using items, [WAIT] for waiting, [ONLY DIALOGUE] for just speaking (all of posts substance being in quotes for example), or [NEITHER] for other actions. Then explain your reasoning:",
  "scope": "user_message",
  "applies_to": "Narrator",
  "character_name": null,
  "model": "",
  "tag_action_pairs": [
    {
      "tag": "[ENVIRONMENT]",
      "actions": [
        {
          "type": "Text Tag",
          "value": "(Expand Scene Detail)",
          "tag_mode": "overwrite"
        },
        {
          "type": "System Message",
          "value": "Expand on the detail of the scene in a tactful manner that reflects where the main character is at in the storyline. Do not write nametags do not play as characters:",
          "position": "append",
          "system_message_position": "last"
        },
        {
          "type": "Force Narrator",
          "force_narrator_order": "First",
          "force_narrator_system_message": "Expand on the detail of the scene in a tactful manner that reflects where the main character is at in the storyline. Do not write nametags do not play as characters:"
        }
      ],
      "next_rule": null,
      "switch_model": null,
      "set_variable": null
    },
    {
      "tag": "[ITEM]",
      "actions": [
        {
          "type": "Set Var",
          "var_name": "PlayerUseItem",
          "var_value": "True",
          "variable_scope": "Global",
          "operation": "set",
          "set_var_mode": "replace",
          "set_var_delimiter": "/"
        }
      ],
      "next_rule": null,
      "switch_model": null,
      "set_variable": null
    },
    {
      "tag": "[CHARACTER]",
      "actions": [
        {
          "type": "Next Rule",
          "value": "CORE-PlayerNPCInteract"
        }
      ],
      "next_rule": null,
      "switch_model": null,
      "set_variable": null
    },
    {
      "tag": "[NEITHER]",
      "actions": [
        {
          "type": "Set Var",
          "var_name": "CheckSceneTransit",
          "var_value": "1",
          "variable_scope": "Global",
          "operation": "set",
          "set_var_mode": "replace",
          "set_var_delimiter": "/"
        }
      ],
      "next_rule": null,
      "switch_model": null,
      "set_variable": null
    },
    {
      "tag": "[SLEEP]",
      "actions": [
        {
          "type": "Next Rule",
          "value": "CORE-PlayerSleep"
        }
      ],
      "next_rule": null,
      "switch_model": null,
      "set_variable": null
    }
  ]
}