{
  "id": "NPC Appearance Check",
  "description": "",
  "conditions_operator": "ALL",
  "conditions": [
    {
      "type": "Variable",
      "variable": "appearance",
      "operator": "not exists",
      "value": null,
      "variable_scope": "Character",
      "character_name": "Chloe Rogers"
    },
    {
      "type": "Variable",
      "variable": "SceneTurn",
      "operator": ">=",
      "value": "1",
      "variable_scope": "Global"
    },
    {
      "type": "Variable",
      "variable": "idleChatting",
      "operator": "!=",
      "value": "True",
      "variable_scope": "Character"
    }
  ],
  "condition": "Did the subject/speaker/user-character from whom the user's last post is written, specifically look closer at (character) to learn more detail about their appearance or attire? Begin your response with [YES] for yes, [ANOTHER CHARACTER] if the subject of the players latest post was another character, [DIALOGUE] if the players post was predominantly unrelated dialogue, or just [NO]. Then, explain your answer step-by-step.",
  "scope": "user_message",
  "applies_to": "Character",
  "model": "",
  "tag_action_pairs": [
    {
      "tag": "[YES]",
      "actions": [
        {
          "type": "Text Tag",
          "value": "Appearance",
          "tag_mode": "append"
        },
        {
          "type": "Set Var",
          "var_name": "appearance",
          "var_value": "1",
          "variable_scope": "Character",
          "operation": "set",
          "set_var_mode": "replace",
          "set_var_delimiter": "/"
        },
        {
          "type": "System Message",
          "value": "You have been prompted to describe more about your character's appearance. In high detail using a paragraph or more, describe their appearance and attire.",
          "position": "append",
          "system_message_position": "last"
        }
      ],
      "next_rule": null,
      "switch_model": null,
      "set_variable": null
    }
  ]
}