{
  "id": "CORE-NPC Sensual",
  "description": "",
  "conditions_operator": "ALL",
  "conditions": [
    {
      "type": "Variable",
      "variable": "Girl",
      "operator": ">=",
      "value": "1",
      "variable_scope": "Character",
      "character_name": "Mara Emberlight"
    }
  ],
  "condition": "Is the subject/speaker/user-character from whom the user's last post is written, getting extremely or inappropriately intimate by touching (in either a positive or negative way) with (character)? Is the post inappropriate or sexually raunchy? We need to successfully intercept these or any raunchy posts with the right tag [YES] or [NO] in order to enforce safety standards. Begin your response with [YES] or [NO]. Then, explain your answer step-by-step.",
  "scope": "last_exchange",
  "applies_to": "Character",
  "character_name": "",
  "model": "",
  "tag_action_pairs": [
    {
      "tag": "[YES]",
      "actions": [
        {
          "type": "System Message",
          "value": "You are in an ERP scene. You must use lots of evocative detail, more detail than usual in your posts. Use a lot of sensory detail from the perspective of the player character, such as what your character feels like or smells like, what they would feel like to have such relations with, taking into realistic account their age, experience, body type, etc. For example, is it tight? Loose? What smells might there be, other realistic sensations reflecting the unique body physiology of the person, etc. If body parts or flesh is revealed, go into deep sensory or even anatomical detail, you are writing for a mature audience only:",
          "position": "append",
          "system_message_position": "last"
        }
      ],
      "next_rule": null,
      "switch_model": null,
      "set_variable": null
    }
  ]
}