{
  "id": "CORE-FollowerQuiet",
  "description": "",
  "conditions_operator": "ALL",
  "conditions": [
    {
      "type": "Variable",
      "variable": "Addressed",
      "operator": "!=",
      "value": "True",
      "variable_scope": "Character",
      "character_name": "Lidiria Medan"
    },
    {
      "type": "Variable",
      "variable": "Following",
      "operator": "==",
      "value": "Player",
      "variable_scope": "Character",
      "character_name": "Lidiria Medan"
    }
  ],
  "condition": "Is the user character (player), directly addressing the assistant's character, (character)? Begin your response with the correct bracketed tag [YES] if directly addressed, or [NO] if the user is not addressing or interacting with anyone or if the user is interacting with a different character other than (character). Then, on a new line beneath the tag, explain your answer step by step:",
  "scope": "user_message",
  "applies_to": "Character",
  "character_name": null,
  "model": "",
  "tag_action_pairs": [
    {
      "tag": "[YES]",
      "actions": [
        {
          "type": "Set Var",
          "var_name": "NoPost",
          "var_value": "False",
          "variable_scope": "Character",
          "operation": "set",
          "set_var_mode": "replace",
          "set_var_delimiter": "/"
        },
        {
          "type": "Set Var",
          "var_name": "Addressed",
          "var_value": "True",
          "variable_scope": "Global",
          "operation": "set",
          "set_var_mode": "replace",
          "set_var_delimiter": "/"
        }
      ],
      "next_rule": null,
      "switch_model": null,
      "set_variable": null
    },
    {
      "tag": "[NO]",
      "actions": [
        {
          "type": "Set Var",
          "var_name": "NoPost",
          "var_value": "True",
          "variable_scope": "Character",
          "operation": "set",
          "set_var_mode": "replace",
          "set_var_delimiter": "/"
        }
      ],
      "next_rule": null,
      "switch_model": null,
      "set_variable": null
    }
  ]
}