{
  "id": "CORE-EndOfCharacterPost",
  "description": "",
  "conditions_operator": "ALL",
  "conditions": [
    {
      "type": "Always",
      "character_name": "Silas Quill"
    }
  ],
  "condition": "",
  "scope": "user_message",
  "applies_to": "Character",
  "character_name": null,
  "model": "",
  "tag_action_pairs": [
    {
      "tag": "",
      "actions": [
        {
          "type": "Set Var",
          "var_name": "ServiceCall",
          "var_value": "False",
          "variable_scope": "Scene Characters",
          "operation": "set",
          "set_var_mode": "replace",
          "set_var_delimiter": "/"
        }
      ],
      "next_rule": null,
      "switch_model": null,
      "set_variable": null
    }
  ]
}