{
  "id": "Tavern-AldricEntryResumeChatter",
  "description": "",
  "conditions_operator": "ALL",
  "conditions": [
    {
      "type": "Variable",
      "variable": "BackgroundConversation",
      "operator": "==",
      "value": "1",
      "variable_scope": "Character"
    },
    {
      "type": "Variable",
      "variable": "SceneTurn",
      "operator": ">=",
      "value": "1",
      "variable_scope": "Global"
    }
  ],
  "condition": "",
  "scope": "user_message",
  "applies_to": "Character",
  "character_name": "",
  "model": "",
  "tag_action_pairs": [
    {
      "tag": "",
      "actions": [
        {
          "type": "Change Brightness",
          "brightness": "0.5"
        },
        {
          "type": "Set Var",
          "var_name": "LastSpoke",
          "var_value": "Silas Quill",
          "variable_scope": "Global",
          "operation": "set",
          "set_var_mode": "replace",
          "set_var_delimiter": "/"
        },
        {
          "type": "Exit Rule Processing"
        }
      ],
      "next_rule": null,
      "switch_model": null,
      "set_variable": null
    }
  ]
}