{
  "id": "Tavern-AldricChatter_SkipNormalPost",
  "description": "",
  "conditions_operator": "ALL",
  "conditions": [
    {
      "type": "Variable",
      "variable": "BackgroundConversation",
      "operator": "==",
      "value": "1",
      "variable_scope": "Character",
      "character_name": "Silas Quill"
    },
    {
      "type": "Variable",
      "variable": "PlayerPost",
      "operator": "==",
      "value": "True",
      "variable_scope": "Global",
      "character_name": "Silas Quill"
    }
  ],
  "condition": "",
  "scope": "full_conversation",
  "applies_to": "Character",
  "character_name": "",
  "model": "",
  "tag_action_pairs": [
    {
      "tag": "",
      "actions": [
        {
          "type": "Text Tag",
          "value": "SHOULD be Skipped",
          "tag_mode": "append"
        },
        {
          "type": "Skip Post"
        },
        {
          "type": "Exit Rule Processing"
        }
      ],
      "next_rule": null,
      "switch_model": null,
      "set_variable": null
    }
  ]
}