{
  "id": "Tavern-AldricWait",
  "description": "",
  "conditions_operator": "ALL",
  "conditions": [
    {
      "type": "Variable",
      "variable": "BackgroundConversation",
      "operator": "==",
      "value": "0",
      "variable_scope": "Character",
      "character_name": "Lidiria Medan"
    }
  ],
  "condition": "",
  "scope": "user_message",
  "applies_to": "Character",
  "character_name": "",
  "model": "",
  "tag_action_pairs": [
    {
      "tag": "",
      "actions": [
        {
          "type": "Skip Post",
          "value": ""
        }
      ],
      "next_rule": null,
      "switch_model": null,
      "set_variable": null
    }
  ]
}