{
  "name": "Iron Sword",
  "properties": "Consumable",
  "containers": [],
  "variable_actions": [
    {
      "variable_name": "Attack_Bonus",
      "operation": "set",
      "value": "3",
      "effect_type": "Consumption"
    },
    {
      "variable_name": "Damage",
      "operation": "set",
      "value": "1d8+2",
      "effect_type": "Consumption"
    }
  ],
  "base_value": "25",
  "weight": "0",
  "tags": "",
  "description": "A well-crafted iron sword with a leather-wrapped hilt."
}