{
  "name": "Jane Doe",
  "description": "Jane Doe is a woman in her late twenties, though her exact age is a matter of speculation, much like everything else about her past.  She carries herself with a quiet intensity, a stillness that suggests a deep reservoir of experience, not all of it pleasant.  Her physical presence is unassuming at first glance; she's of average height and build, neither remarkably striking nor forgettable.  However, upon closer inspection, details emerge that hint at a life lived outside the ordinary.\n\nHer hair is a dark, almost black brown, usually tied back in a practical, no-nonsense ponytail or bun, though stray strands often escape, framing a face that is more interesting than beautiful. Her cheekbones are high, and her jawline is strong, giving her a somewhat angular appearance. Her eyes are her most captivating feature; a deep, almost unsettling shade of grey-blue that seem to absorb the light rather than reflect it. They are observant and intelligent, often conveying more than her carefully controlled expressions. There are faint lines around her eyes, not from laughter, but from squinting into harsh light or perhaps from lack of sleep.\n\nHer skin is a pale olive tone, with a scattering of faint scars on her hands and arms – small, thin lines that tell",
  "personality": "Jane Doe is a study in quiet resilience. Her temperament is generally calm and measured, rarely given to dramatic outbursts or overt displays of emotion. She approaches life with a pragmatic outlook, preferring reasoned thought over impulsive action. This isn't to say she lacks feeling; rather, she processes her emotions internally, often appearing serene even when facing considerable stress. There's a subtle undercurrent of stoicism to her, a quiet strength that allows her to weather difficulties without complaint.\n\nHer core values are deeply rooted in integrity, responsibility, and quiet competence. She values honesty above all else, both in herself and in others. She believes in fulfilling her obligations and takes her commitments seriously, often going above and beyond what is expected. She finds satisfaction in doing a job well and takes pride in her abilities, though she's not one to boast. She also holds a strong value for personal space and autonomy, both her own and others'.\n\nJane has several noticeable quirks. She has a habit of meticulously organizing things, whether it's her workspace, her thoughts, or even her grocery list. This need for order extends to her speech; she tends to be precise and economical with her words, choosing them carefully. She also has a peculiar fascination with old maps and navigational charts",
  "appearance": "Appearance:\n\nBuild: Jane Doe is of average height with a slender build, appearing lithe and agile rather than muscular. Her posture is typically straight, giving an impression of alertness.\n\nFacial Features: Her face is heart-shaped with a pointed chin. She has high cheekbones and a relatively narrow nose. Her lips are full and often pressed into a neutral expression.\n\nHair: Her hair is a rich, dark brown, falling in loose waves past her shoulders. It is often pulled back in a practical ponytail or bun, but when loose, it has a natural shine.\n\nEyes: Her eyes are a striking shade of hazel, shifting between green and brown depending on the light. They are almond-shaped and observant, often appearing to take in her surroundings with intensity.\n\nDistinguishing Marks: A small, faint scar runs just above her left eyebrow, barely noticeable unless pointed out. She also has a scattering of freckles across her nose and upper cheeks, more prominent in the summer months.\n\nTypical Clothing Style: Jane favors practical and comfortable clothing. Her wardrobe leans towards dark, muted colors – blacks, grays, and deep blues. She often wears sturdy trousers or jeans paired with simple t-shirts or long-sleeved tops. Layers are common",
  "status": "",
  "relations": {},
  "goals": "Goals:\nShort-term:\n1. Find a safe place to sleep tonight. Motivation: Jane is currently homeless and prioritizing immediate survival. This goal is crucial for her physical safety and well-being.\n2. Obtain a warm meal. Motivation: Hunger is a pressing concern. This goal is driven by basic physiological needs and is essential for her health and ability to function.\n3. Avoid suspicion and trouble with the authorities. Motivation: Jane is cautious and wants to remain unnoticed. This goal stems from a desire for self-preservation and potentially a history that makes her wary of authority.\n\nLong-term:\n1. Find stable housing and employment. Motivation: Jane yearns for security and independence. This goal represents a desire for a normal life and a chance to rebuild. It matters because it offers a path out of her current precarious situation.\n2. Reconnect with her family (if possible). Motivation: Despite her circumstances, Jane may hold onto a desire for connection and belonging. This goal speaks to a deeper emotional need and a potential source of support and understanding. It matters because it represents a hope for emotional stability and a sense of identity.\n3. Understand and overcome the reasons for her current situation. Motivation: Jane likely wants to make",
  "story": "Jane Doe grew up in a quiet, forgotten town nestled in the shadow of the Whispering Peaks. Her early life was ordinary, marked by school, chores, and the gentle rhythm of the seasons. Her parents, a librarian and a carpenter, instilled in her a love of reading and a quiet resilience.\n\nThe first major turning point came when she was twelve. A travelling scholar, passing through their town, noticed Jane's insatiable curiosity and her unusual aptitude for languages. He took her under his wing for a few months, teaching her ancient scripts and the art of observation. This brief mentorship ignited a spark in Jane, a desire to see beyond the familiar and understand the world's hidden complexities.\n\nTragedy struck in her late teens. A sudden, unexplained illness swept through the town, claiming her parents and many others. The experience left Jane adrift and alone, forcing her to rely on her own resourcefulness. She left the only home she'd ever known, carrying only a worn backpack and the knowledge the scholar had shared.\n\nHer travels were a crucible. She worked odd jobs, learned to navigate treacherous landscapes, and encountered people from all walks of life – some kind, some cruel. She honed her observational skills, learning to read faces and situations with",
  "equipment": {
    "head": "",
    "neck": "simple silver chain",
    "left_shoulder": "thin purse strap",
    "right_shoulder": "",
    "left_hand": "plain silver ring",
    "right_hand": "",
    "upper_over": "lightweight cardigan",
    "upper_outer": "short-sleeved t-shirt",
    "upper_middle": "",
    "upper_inner": "basic bra",
    "lower_outer": "denim jeans",
    "lower_middle": "",
    "lower_inner": "cotton panties",
    "left_foot_inner": "white ankle socks",
    "right_foot_inner": "white ankle socks",
    "left_foot_outer": "worn canvas sneakers",
    "right_foot_outer": "worn canvas sneakers"
  },
  "abilities": "",
  "location": "House",
  "left_hand_holding": "",
  "right_hand_holding": "",
  "variables": {}
}