{
  "name": "Mara Emberlight",
  "description": "Mara Emberlight, proprietor of the Golden Oak Inn, is a woman who embodies warmth and a touch of rustic charm.  Her physical presence is one of comfortable strength, honed by years of carrying trays and tending a bustling establishment. She's of average height, perhaps a little broader in the shoulders than most women, a testament to the practical demands of her trade. Her movements are efficient and practiced, a fluid dance between the bar and the tables, yet there's a relaxed grace to them, never rushed or flustered.  Her hands, though capable and strong, are surprisingly gentle when she's pouring a drink or wiping down a counter. Her face is open and friendly, with laugh lines etched around the corners of her eyes, a testament to her good-spirited nature. Her eyes themselves are a warm hazel, often twinkling with amusement or genuine interest as she listens to a patron's tale.  Her hair, a rich, earthy brown, is usually pulled back in a practical but not severe bun, though stray strands often escape to frame her face, softening her features. She favors simple, comfortable clothes – sturdy linen dresses or skirts paired with practical blouses, often in warm, inviting colors like forest green or goldenrod, echoing the name of her",
  "personality": "Mara Emberlight, proprietor of the Golden Oak Inn, embodies the warmth and comfort of a crackling hearth on a chilly night. Her temperament is predominantly sunny and optimistic, a natural inclination towards seeing the good in people and situations. This isn't a naive optimism, but one tempered by years of watching the world pass through her inn doors; she understands hardship and sorrow, but chooses to focus on the potential for joy and connection. She possesses a remarkable resilience, bouncing back from setbacks with a determined chin-up attitude.\n\nHer core values revolve around hospitality, community, and genuine connection. She believes in the power of a warm meal, a comfortable bed, and a listening ear to soothe weary travelers and bring people together. She values honesty and kindness above all else, and while she can be firm when necessary, her default mode is one of understanding and empathy. She has a deep appreciation for stories, both the grand tales of heroes and the quiet narratives of everyday lives.\n\nMara's quirks are endearing and contribute to her approachable nature. She has a habit of humming soft, wordless tunes while she works, a gentle melody that permeates the inn. She's also a surprisingly good juggler, a skill she picked up in her youth and occasionally employs to",
  "appearance": "Build: Mara is of average height with a sturdy, comfortable build. Her arms show a bit of muscle from carrying trays and barrels, but she's not overly lean. She moves with a practical grace born of long hours on her feet.\n\nFacial Features: Her face is open and friendly, often creased with genuine smiles. High cheekbones and a slightly rounded jaw give her a pleasant, approachable look. A faint dusting of freckles is visible across the bridge of her nose and cheeks in good light.\n\nHair: Her hair is a warm, rich chestnut brown, usually styled in practical braids or a loose bun at the nape of her neck. Stray wisps often escape, framing her face. It has a healthy sheen from good care.\n\nEyes: Her eyes are a warm, honey-brown, often sparkling with amusement or kindness. They are expressive and hold a depth that hints at both wisdom and a touch of mischief.\n\nDistinguishing Marks: A small, almost imperceptible scar runs along her left eyebrow, a souvenir from a minor kitchen mishap years ago. She also has a small, faded birthmark on her right wrist, shaped vaguely like a leaf.\n\nTypical Clothing Style: Mara favors practical and comfortable clothing suitable for running an inn. She",
  "status": "",
  "relations": {},
  "goals": "Mara Emberlight\n\nGoals:\n\nShort-Term Goals:\n1. Ensure the Golden Oak Inn is the most welcoming and comfortable place for travelers. This matters because she genuinely enjoys seeing people happy and at ease after a long journey. Providing a haven is her way of contributing positively to the world around her.\n2. Foster a sense of community among her patrons. She loves hearing stories and facilitating connections between people from different walks of life. A lively, friendly inn is a reflection of her own warm spirit.\n3. Maintain the inn's reputation for excellent food, drink, and service. Pride in her work is important to Mara, and a good reputation ensures the inn thrives, allowing her to continue her way of life.\n\nLong-Term Goals:\n1. Expand the Golden Oak Inn, perhaps adding more rooms or a larger common area. This ambition stems from her desire to welcome even more people and provide comfort to a greater number of travelers. It's a tangible expression of her hospitality.\n2. Become a renowned figure for her hospitality and storytelling throughout the region. She enjoys being a source of warmth and good cheer, and a wider reputation would allow her to spread that positive energy further. It's a way of leaving her mark on the",
  "story": "Mara Emberlight wasn't born into the comforting glow of the Golden Oak Inn. Her early life was a patchwork of damp cottages and hurried departures. Her parents, itinerant storytellers, carried her across the land, their lives a constant search for the next willing audience. While they spun tales of heroes and faraway lands, young Mara learned the subtle art of reading people – the flicker of interest in an eye, the slump of a weary shoulder, the quiet yearning for a comforting word.\n\nOne harsh winter, huddled in a drafty barn, Mara fell ill. A kindly old innkeeper, a woman named Elara, took them in. Elara's inn, \"The Wandering Goose,\" wasn't grand, but it was warm, filled with the scent of simmering stews and the murmur of friendly voices. Mara watched Elara, how she listened to travelers' woes, how she offered a warm smile and a strong drink, how she made everyone feel, for a little while, like they belonged.\n\nWhen Mara’s parents moved on, Elara offered to keep her. They agreed, seeing the stability the inn offered their frail daughter. Under Elara’s tutelage, Mara blossomed. She learned to keep the hearth roaring, to pour a",
  "equipment": {
    "head": "simple fabric headscarf",
    "neck": "small silver locket",
    "left_shoulder": "",
    "right_shoulder": "",
    "left_hand": "simple silver ring",
    "right_hand": "",
    "upper_over": "embroidered linen apron",
    "upper_outer": "sleeveless laced bodice",
    "upper_middle": "off-white linen chemise",
    "upper_inner": "",
    "lower_outer": "long, practical wool skirt",
    "lower_middle": "",
    "lower_inner": "cotton smallclothes",
    "left_foot_inner": "wool socks",
    "right_foot_inner": "wool socks",
    "left_foot_outer": "sturdy leather boots",
    "right_foot_outer": "sturdy leather boots"
  },
  "abilities": "",
  "location": "The Golden Oak Inn",
  "left_hand_holding": "",
  "right_hand_holding": "",
  "variables": {
    "Service": "True"
  }
}