{
  "name": "Overworld",
  "description": "A medieval or fairytale type of world.",
  "locations": {
    "Stonevale": {},
    "Default Location": {}
  },
  "features": [
    {
      "name": "River",
      "description": ""
    },
    {
      "name": "Mountains",
      "description": ""
    },
    {
      "name": "Ocean",
      "description": ""
    }
  ],
  "map_image": "..\\..\\..\\..\\..\\maps\\Default World\\worldmap.jpg",
  "paths": [
    {
      "name": "Large Path (Default)",
      "description": ""
    },
    {
      "name": "Medium Path (Default)",
      "description": ""
    },
    {
      "name": "Small Path (Default)",
      "description": ""
    }
  ]
}