{
  "name": "Emberward Crossing",
  "description": "A market square of many meeting roads.",
  "region": "Market District",
  "x": 5556.1312774132075,
  "y": 4775.329241068386,
  "world": "stonevale",
  "exterior": true,
  "connections": {
    "Town Square": "* North along Main Street,\n* Deeper into the heart of the city,\nor, *Towards Town Square.",
    "Stonevale, Market Fork": "* South along main street,\n* Towards the outer of the city,\n* Towards the south gate,\nor, *Towards Market Fork"
  }
}