{
  "name": "The Golden Oak Inn",
  "description": "The warm and inviting Golden Oak Inn interior, a tavern and inn for travelers, visitors, and citizens of Stonevale alike.",
  "region": "Market District",
  "x": 5164.121757337279,
  "y": 4097.847098190099,
  "world": "stonevale",
  "exterior": false,
  "inventory": [],
  "connections": {
    "Town Square": "A heavy oak door leading back outside.",
    "The Golden Oak Inn, Room": "A wood staircase leads upstairs to the rooms."
  },
  "characters": [
    "Aldric Stout",
    "Mara Emberlight",
    "Silas Quill"
  ]
}