{
  "name": "Town Square",
  "description": "The town square. Market stalls are all around. A large fountain dominates the middle of the square.",
  "region": "Market District",
  "x": 5184.764804051343,
  "y": 4219.245220991904,
  "world": "stonevale",
  "exterior": true,
  "connections": {
    "The Golden Oak Inn": "A cozy, blue-roofed inn with a permanently golden leaved oak tree standing welcomly out front has a sign hanging from the awning saying \"The Golden Oak Inn\".",
    "Arena Crossing": "A large road leads towards a distant coliseum, the road sign reading 'Arena Way'.",
    "King's Crossing": "Main Street continues into the heart of the city, towards the distant clock tower.",
    "Emberward Crossing": "Main street in the direction of the southern wall leads towards Emberward Crossing."
  },
  "characters": []
}