{
  "id": "idleChatter",
  "description": "",
  "enabled": true,
  "interval": 20,
  "interval_is_random": false,
  "interval_min": 0,
  "interval_max": 0,
  "game_minutes": 0,
  "game_minutes_is_random": false,
  "game_minutes_min": 0,
  "game_minutes_max": 0,
  "game_hours": 0,
  "game_hours_is_random": false,
  "game_hours_min": 0,
  "game_hours_max": 0,
  "game_days": 0,
  "game_days_is_random": false,
  "game_days_min": 0,
  "game_days_max": 0,
  "start_after_trigger": "Character",
  "rule_scope": "Character",
  "condition_type": "Variable",
  "condition_details": [
    {
      "name": "BackgroundConversation",
      "operator": "==",
      "value": "1",
      "scope": "Character"
    },
    {
      "name": "LastSpoke",
      "operator": "!=",
      "value": "(character)",
      "scope": "Global",
      "logic_to_previous": "AND"
    },
    {
      "name": "PlayerPost",
      "operator": "!=",
      "value": "True",
      "scope": "Global",
      "logic_to_previous": "AND"
    }
  ],
  "actions": [
    {
      "type": "System Message",
      "value": "(Note: Despite potentially multiple characters in the scene, Silas and Aldric are primarily here to chat among themselves about local market square politics among the local vendors.You are background chatter so keep your posts very short, like one line or a quick sentence, almost like a chat room pace. Do not be repetitive or repeat statements - the dialogue must flow naturally. If there was a prior convention of ellpsis ... starting messages, break the convention and do not use ellipsis anymore to start messages unless it makes narrative sense, although you can still use ellipsis anywhere it makes narrative sense:)",
      "position": "append",
      "system_message_position": "last"
    },
    {
      "type": "Set Var",
      "var_name": "LastSpoke",
      "operation": "Set",
      "scope": "Global",
      "var_value": "(character)"
    },
    {
      "type": "Actor Post",
      "actor_name": "",
      "allow_live_input": true
    }
  ],
  "recurring": true,
  "global": false,
  "time_mode": "game_time",
  "game_seconds_is_random": false,
  "game_seconds": 20,
  "game_seconds_min": 0,
  "game_seconds_max": 0
}