{
  "id": "NPC-FollowUp",
  "description": "",
  "enabled": true,
  "interval": 70,
  "interval_is_random": false,
  "interval_min": 0,
  "interval_max": 0,
  "game_minutes": 2,
  "game_minutes_is_random": false,
  "game_minutes_min": 0,
  "game_minutes_max": 0,
  "game_hours": 0,
  "game_hours_is_random": false,
  "game_hours_min": 0,
  "game_hours_max": 0,
  "game_days": 0,
  "game_days_is_random": false,
  "game_days_min": 0,
  "game_days_max": 0,
  "start_after_trigger": "Character",
  "rule_scope": "Character",
  "condition_type": "Variable",
  "condition_details": [
    {
      "name": "Service",
      "operator": "==",
      "value": "True",
      "scope": "Character"
    },
    {
      "name": "FollowedUp",
      "operator": "!=",
      "value": "True",
      "scope": "Character",
      "logic_to_previous": "AND"
    },
    {
      "name": "NoPost",
      "operator": "!=",
      "value": "True",
      "scope": "Character",
      "logic_to_previous": "AND"
    }
  ],
  "actions": [
    {
      "type": "Set Var",
      "var_name": "FollowUp",
      "operation": "Set",
      "scope": "Character",
      "var_value": "True"
    },
    {
      "type": "Set Var",
      "var_name": "idleChatting",
      "operation": "Set",
      "scope": "Character",
      "var_value": "True"
    },
    {
      "type": "Set Var",
      "var_name": "FollowedUp",
      "operation": "Set",
      "scope": "Character",
      "var_value": "True"
    },
    {
      "type": "Actor Post",
      "actor_name": "",
      "allow_live_input": true
    }
  ],
  "recurring": false,
  "global": false,
  "time_mode": "game_time",
  "game_seconds_is_random": false,
  "game_seconds": 0,
  "game_seconds_min": 0,
  "game_seconds_max": 0
}